{
  "Folder": [
    137.58454106280195,
    5970.78323699422
  ],
  "Books": [
    182.6090534979424,
    6535.28078817734
  ],
  "Shelf": [
    533.0449141347424,
    22021.60380348653
  ],
  "Fuse Box": [
    80.62121212121212,
    14063.656108597284
  ],
  "Plant": [
    130.15934065934067,
    5811.026315789473
  ],
  "Table": [
    1057.7658862876253,
    28222.61654135338
  ],
  "Chair": [
    340.45566502463055,
    12550.787610619469
  ],
  "Tray": [
    144.08163265306123,
    6158.568807339449
  ],
  "Poster": [
    411.67572156196945,
    19105.623601220752
  ],
  "Computer": [
    316.6761229314421,
    12918.599150141643
  ],
  "Keyboard": [
    93.86466165413533,
    3546.829596412556
  ],
  "Fridge": [
    465.68865979381445,
    25802.526576019776
  ],
  "Cabinet": [
    523.457507082153,
    21022.209677419356
  ],
  "Sticky Note": [
    35.3,
    1750.9108910891089
  ],
  "Cup": [
    59.19101123595506,
    2380.266666666667
  ],
  "Bowl": [
    70.05154639175258,
    2504.59509202454
  ],
  "Time Machine": [
    236.74427480916032,
    12752.37299771167
  ],
  "Can": [
    33.982142857142854,
    1580.0210526315789
  ],
  "Radio": [
    114.84276729559748,
    4491.804511278196
  ],
  "Sink": [
    434.93118279569893,
    21600.294193548387
  ],
  "Cutting Board": [
    178.08482142857142,
    10220.35294117647
  ],
  "Microwave": [
    255.79109589041096,
    13036.47950819672
  ],
  "Counter Top": [
    346.2211155378486,
    19617.16109785203
  ],
  "Stool": [
    159.4978540772532,
    5657.28717948718
  ],
  "Drawer": [
    289.23924731182797,
    12640.830917874397
  ],
  "Jar": [
    82.47899159663865,
    3859.743718592965
  ],
  "Counter Base": [
    572.4317880794702,
    23280.565873015872
  ],
  "Toaster": [
    169.94634146341463,
    6927.906705539359
  ],
  "Freezer": [
    308.80645161290323,
    17284.452631578948
  ],
  "Board": [
    679.0936819172114,
    31887.87655127368
  ],
  "Water Cooler": [
    118.63874345549738,
    9895.9625
  ],
  "Trash Can": [
    152.26244343891403,
    4787.851351351352
  ],
  "Mug": [
    49.05714285714286,
    2987.076271186441
  ],
  "Puddle": [
    244.7797619047619,
    11845.454545454546
  ],
  "Knife": [
    27.563636363636363,
    1658.9247311827958
  ],
  "Printer Cartridge": [
    55.53086419753087,
    1996.8296296296296
  ],
  "Control Panel": [
    26.555555555555557,
    2017.5263157894738
  ],
  "Printer": [
    181.06103286384976,
    18168.21568627451
  ],
  "Trophy": [
    41.89473684210526,
    2517.8315789473686
  ],
  "Paper": [
    258.40677966101697,
    7322.015228426396
  ],
  "Robot Arm": [
    807.2620320855615,
    30830.383137673427
  ],
  "Door": [
    567.7398773006134,
    30962.84326710817
  ],
  "Light Switch": [
    40.44117647058823,
    2523.278260869565
  ],
  "Coffee Unmaker": [
    282.67192429022083,
    15911.831758034026
  ],
  "Banana": [
    68.76288659793815,
    2926.282208588957
  ],
  "Freeze Ray": [
    405.4258241758242,
    20698.463815789473
  ],
  "Target": [
    85.50434782608696,
    15694.41450777202
  ],
  "Wall Shelf": [
    77.92929292929293,
    9200.982035928144
  ],
  "Coffee Pot": [
    75.15841584158416,
    4855.431952662722
  ],
  "Sign": [
    172.52244897959184,
    9466.348780487804
  ],
  "Coffee Maker": [
    184.30046948356807,
    12352.50985915493
  ],
  "Vending Machine": [
    295.94609164420484,
    15348.275806451613
  ],
  "Fan": [
    56.05128205128205,
    4946.572519083969
  ],
  "Pie": [
    32.94736842105263,
    2551.6041666666665
  ],
  "Lever": [
    6.615384615384615,
    2156.913043478261
  ],
  "Tape": [
    35.79245283018868,
    1522.2359550561798
  ],
  "Laser": [
    350.8794117647059,
    20107.482394366198
  ],
  "Floppy Disk": [
    42.294117647058826,
    1726.359649122807
  ],
  "Coffee Beans": [
    36.24074074074074,
    2058.0434782608695
  ],
  "Handsaw": [
    18.526315789473685,
    2928.203125
  ],
  "Donut": [
    16.64516129032258,
    906.7115384615385
  ],
  "Candy Bar": [
    15.142857142857142,
    1390.9583333333333
  ],
  "Cereal Box": [
    95.3046875,
    5816.098130841122
  ],
  "Sandwich": [
    36.160714285714285,
    1555.787234042553
  ],
  "Plate": [
    73.83064516129032,
    2938.7403846153848
  ],
  "Button": [
    22.8,
    1029.8135593220338
  ],
  "Boxes": [
    19.88888888888889,
    5964.606557377049
  ],
  "Record": [
    58.09782608695652,
    2299.811688311688
  ],
  "Fire Extinguisher": [
    58.525252525252526,
    3526.734939759036
  ],
  "PortalGenerator": [
    300.6653992395437,
    22572.04783599089
  ],
  "Embiggenator": [
    277.8156028368794,
    33410.88747346072
  ],
  "Circuit Board": [
    8.5,
    660.258064516129
  ],
  "Laser Tip": [
    39.61666666666667,
    4179.0990099009905
  ],
  "Milk": [
    35.69090909090909,
    2966.4239130434785
  ],
  "Color Changer": [
    223.30049261083744,
    32133.49411764706
  ],
  "Everything's A Carrot Machine": [
    406.0989010989011,
    18781.29508196721
  ],
  "Cake": [
    71.15116279069767,
    5282.729166666667
  ],
  "Dart": [
    8.555555555555555,
    631.1612903225806
  ],
  "Bread": [
    66.3061224489796,
    3355.5975609756097
  ],
  "Hammer": [
    15.1,
    1284.4615384615386
  ],
  "Gravity Pad": [
    237.31162790697675,
    25532.547222222223
  ],
  "Apple": [
    14.8,
    672.0232558139535
  ],
  "Forklift": [
    17.818181818181817,
    21154.473684210527
  ],
  "Trolley": [
    1.6666666666666667,
    925.3333333333334
  ],
  "Action Figure": [
    11.375,
    805.0714285714286
  ]
}